experiment,model,strategy,token_f1,token_precision,token_recall,span_f1,span_precision,span_recall,f1_MULTA,precision_MULTA,recall_MULTA,f1_OBRIGACAO,precision_OBRIGACAO,recall_OBRIGACAO,f1_RECOMENDACAO,precision_RECOMENDACAO,recall_RECOMENDACAO,f1_RESSARCIMENTO,precision_RESSARCIMENTO,recall_RESSARCIMENTO,paradigm
bilstm-crf__supervised,bilstm-crf,supervised,0.8001226107328181,0.8176123143010561,0.7833654876741694,0.643979057591623,0.7365269461077845,0.5720930232558139,0.7083333333333333,0.7311827956989247,0.6868686868686869,0.6593406593406594,0.8823529411764706,0.5263157894736842,0.46,0.5227272727272727,0.4107142857142857,0.5510204081632653,0.75,0.43548387096774194,supervised
neuralmind_bert-base-portuguese-cased__supervised,neuralmind_bert-base-portuguese-cased,supervised,0.865797511054383,0.8568914956011731,0.8748905983693399,0.7405475880052151,0.7780821917808219,0.7064676616915423,0.7932960893854749,0.8068181818181818,0.7802197802197802,0.6947368421052631,0.7951807228915663,0.616822429906542,0.6862745098039216,0.7,0.6730769230769231,0.7008547008547008,0.7321428571428571,0.6721311475409836,supervised
neuralmind_bert-large-portuguese-cased__supervised,neuralmind_bert-large-portuguese-cased,supervised,0.8652030433586947,0.8609020841884435,0.8695471924086784,0.7179487179487178,0.7407407407407407,0.6965174129353234,0.7738419618528611,0.7675675675675676,0.7802197802197802,0.7113402061855669,0.7931034482758621,0.6448598130841121,0.5102040816326531,0.5434782608695652,0.4807692307692308,0.7272727272727273,0.7333333333333333,0.7213114754098361,supervised
rufimelo_Legal-BERTimbau-base__supervised,rufimelo_Legal-BERTimbau-base,supervised,0.850670259654251,0.8435235507246377,0.8579391035975863,0.7439999999999999,0.8017241379310345,0.6940298507462687,0.7919075144508669,0.8353658536585366,0.7527472527472527,0.7027027027027027,0.8333333333333334,0.6074766355140186,0.6732673267326732,0.6938775510204082,0.6538461538461539,0.7288135593220338,0.7543859649122807,0.7049180327868853,supervised
