model,delta_token_f1,delta_span_f1,delta_span_precision,delta_span_recall
gpt-3.5,0.05274705753973441,0.05667009084133989,0.04337785717747911,0.07407407407407407
gpt-4o,0.06044200925285104,0.06805639193882362,0.039705323365974654,0.10457516339869277
gpt-5.4-mini,0.21174073306274277,0.19123396631576284,0.051196600313129115,0.3137254901960785
gpt-5.4-nano,0.03238940221649622,0.04450480307995153,0.024721770113931285,0.06971677559912848
