technique,token_f1,token_f1,token_f1,token_f1,span_f1,span_f1,span_f1,span_f1
,mean,std,min,max,mean,std,min,max
cot,0.7423066935080604,0.0943188107712375,0.6016746411483254,0.7996283155938503,0.6661240273896539,0.10319514575776269,0.512273212379936,0.7332646755921729
dynamic_few_shot,0.738419546973941,0.042782849336040187,0.6789044101042037,0.7799064813612158,0.6371352428111325,0.06794984531301622,0.5372881355932203,0.6879227053140097
few_shot,0.7710998741138096,0.02368865516707095,0.7422330016994175,0.7931040276914287,0.6955998502510572,0.037747362669320196,0.6458923512747876,0.7269035532994924
two_stage,0.7619453027944786,0.01238847589637472,0.7452459586302799,0.7740383072925021,0.6803326615530103,0.020840579473605455,0.6555671175858481,0.7025440313111546
