model_a,model_b,display_a,display_b,f1_a,f1_b,diff_f1,ci_lower,ci_upper,p_value,significant_95
gpt-4-turbo,gpt-41-nano,GPT-4 Turbo,GPT-4.1-nano,0.7619047619047619,0.44087837837837834,0.3214036269841247,0.2770386653881321,0.36594414420865706,0.0,True
gpt-4-turbo,rufimelo_Legal-BERTimbau-base__supervised,GPT-4 Turbo,Legal-BERTimbau-base,0.7619047619047619,0.6388059701492537,0.12363599777737018,0.06846691079096935,0.17850344481610744,0.0,True
gpt-5.4-mini_few_shot,rufimelo_Legal-BERTimbau-base__supervised,GPT-5.4-mini,Legal-BERTimbau-base,0.7614213197969544,0.6388059701492537,0.12336170811176148,0.06707260389317792,0.1798390352486671,0.0,True
gpt-4-turbo,deepseek-v3_few_shot,GPT-4 Turbo,DeepSeek-V3,0.7619047619047619,0.6704438149197356,0.09168937233175689,0.05549821084999298,0.1284408130193113,0.0,True
gpt-4-turbo,neuralmind_bert-base-portuguese-cased__supervised,GPT-4 Turbo,BERTimbau-base,0.7619047619047619,0.7079889807162535,0.05442538307204302,0.005782956537092924,0.10301700788327108,0.0292,True
gpt-4-turbo,gemini-2.5-flash_few_shot,GPT-4 Turbo,Gemini-2.5-flash,0.7619047619047619,0.7099903006789526,0.052067137986396395,0.01977884541277751,0.08372569842936393,0.002,True
gpt-4-turbo,gpt-4o,GPT-4 Turbo,GPT-4o,0.7619047619047619,0.7514910536779325,0.010343282588852708,-0.022366109190320737,0.04431306854937611,0.5368,False
gpt-5.4-mini_few_shot,gpt-4o,GPT-5.4-mini,GPT-4o,0.7614213197969544,0.7514910536779325,0.010068992923244004,-0.019860105203384663,0.040708659003391746,0.5148,False
gpt-4-turbo,gpt-5.4-mini_few_shot,GPT-4 Turbo,GPT-5.4-mini,0.7619047619047619,0.7614213197969544,0.00027428966560870497,-0.039165985036667225,0.040998505355885215,0.9946,False
