model_a,model_b,display_a,display_b,f1_a,f1_b,diff_f1,ci_lower,ci_upper,p_value,significant_95
gpt-4-turbo,gpt-41-nano,GPT-4 Turbo,GPT-4.1-nano,0.7737373737373736,0.44939965694682676,0.3245690245289571,0.28061652298423667,0.36938001207153826,0.0,True
gpt-4-turbo,rufimelo_Legal-BERTimbau-base__supervised,GPT-4 Turbo,Legal-BERTimbau-base,0.7737373737373736,0.6388059701492537,0.1352326944210276,0.08307105522235646,0.18838792033573107,0.0,True
gpt-5.4-mini_few_shot,rufimelo_Legal-BERTimbau-base__supervised,GPT-5.4-mini,Legal-BERTimbau-base,0.7689119170984456,0.6388059701492537,0.1305921530845638,0.07486809163087241,0.18563657829192276,0.0,True
gpt-4-turbo,deepseek-v3_few_shot,GPT-4 Turbo,DeepSeek-V3,0.7737373737373736,0.6756496631376323,0.09827421301862141,0.06157537814381377,0.13559945608464208,0.0,True
gpt-4-turbo,neuralmind_bert-base-portuguese-cased__supervised,GPT-4 Turbo,BERTimbau-base,0.7737373737373736,0.7079889807162535,0.06602207971570047,0.019010032909855763,0.11280795937491135,0.0056,True
gpt-4-turbo,gemini-2.5-flash_few_shot,GPT-4 Turbo,Gemini-2.5-flash,0.7737373737373736,0.7141444114737882,0.05973309962802077,0.028239867030467204,0.09145093315386948,0.0002,True
gpt-4-turbo,gpt-4o,GPT-4 Turbo,GPT-4o,0.7737373737373736,0.7611336032388664,0.012557080072163919,-0.02016968397788671,0.04647359203289714,0.4568,False
gpt-5.4-mini_few_shot,gpt-4o,GPT-5.4-mini,GPT-4o,0.7689119170984456,0.7611336032388664,0.007916538735700087,-0.02286443137368006,0.03941020412273928,0.619,False
gpt-4-turbo,gpt-5.4-mini_few_shot,GPT-4 Turbo,GPT-5.4-mini,0.7737373737373736,0.7689119170984456,0.0046405413364638305,-0.035189951851988546,0.04611949742704933,0.8352,False
