model,delta_token_f1,delta_span_f1,delta_span_precision,delta_span_recall
deepseek-v4-flash,-0.0048194855590915076,0.030504085010946702,0.06700746062448182,-0.01089324618736387
gpt-4.1,-0.006688062058884836,-0.01424963924963929,-0.035743379923295904,0.019607843137254832
