model,display,span_f1_mean,span_f1_std,span_f1_min,span_f1_max,span_f1_per_fold,token_f1_mean,token_f1_std,token_f1_min,token_f1_max,token_f1_per_fold,config
bilstm-crf__supervised,BiLSTM-CRF,0.5909822580317966,0.05184877336156013,0.5454545454545454,0.676056338028169,0.5690; 0.6023; 0.5622; 0.6761; 0.5455,0.7190967862632809,0.09564350035029327,0.5530778475096809,0.7932140271025137,0.7400; 0.7716; 0.7376; 0.7932; 0.5531,"{""hidden_dim"": 256, ""dropout"": 0.3, ""lr"": 0.003}"
neuralmind_bert-base-portuguese-cased__supervised,BERTimbau-base,0.6752894550053228,0.047493130325948776,0.6071428571428572,0.7218045112781954,0.6984; 0.7035; 0.6456; 0.6071; 0.7218,0.7641997807805793,0.04745140525514087,0.7148389726865063,0.8261011419249592,0.7756; 0.8261; 0.7148; 0.7182; 0.7863,"{""model_name"": ""neuralmind/bert-base-portuguese-cased"", ""lr"": 5e-05, ""warmup_ratio"": 0.1}"
neuralmind_bert-large-portuguese-cased__supervised,BERTimbau-large,0.5712340554375004,0.16865779431123196,0.2857142857142857,0.7191011235955056,0.2857; 0.7191; 0.5652; 0.6387; 0.6475,0.6513830321672955,0.19389981049687968,0.33233690873922983,0.8035245276624587,0.3323; 0.8035; 0.6045; 0.7442; 0.7724,"{""model_name"": ""neuralmind/bert-large-portuguese-cased"", ""lr"": 2e-05, ""warmup_ratio"": 0.1}"
rufimelo_Legal-BERTimbau-base__supervised,Legal-BERTimbau-base,0.5885294456636717,0.13940042982195586,0.3564356435643564,0.6984126984126985,0.3564; 0.6744; 0.5634; 0.6984; 0.6500,0.6679004594577982,0.15614157140160945,0.41147252042941834,0.8146073970365185,0.4115; 0.7469; 0.6413; 0.8146; 0.7252,"{""model_name"": ""rufimelo/Legal-BERTimbau-base"", ""lr"": 5e-05, ""warmup_ratio"": 0.1}"
