technique,token_f1,token_f1,token_f1,token_f1,span_f1,span_f1,span_f1,span_f1
,mean,std,min,max,mean,std,min,max
cot,0.6768375277466712,0.208851163708848,0.30499119510079636,0.7866466664538985,0.5891420017802755,0.18955836989842076,0.25259515570934254,0.6918714555765596
few_shot,0.6825672875819438,0.16068533712541852,0.402299676607977,0.7998903597168701,0.5997912971906733,0.1554824313998018,0.3395638629283489,0.7240618101545254
two_stage,0.6451104047601652,0.27555885289162035,0.15450922509225093,0.7880774140131783,0.554401623334142,0.24233192539405599,0.12307692307692308,0.6922339405560882
