model,delta_token_f1,delta_span_f1,delta_span_precision,delta_span_recall
deepseek-v4-flash,0.0028077682847262864,0.011738450574854564,0.008465300213618687,0.015250544662309351
gpt-4.1,-0.004400130070011388,0.010823754789272111,0.00610986620539633,0.017429193899782147
