model,method,token_f1,span_f1,span_f1_macro,span_precision,span_recall
deepseek-v4-flash,function_calling,0.8169620167383864,0.7620064034151548,0.7361637077664731,0.7468619246861925,0.7777777777777778
deepseek-v4-flash,json_schema,0.8141542484536601,0.7502679528403002,0.7173801435285392,0.7383966244725738,0.7625272331154684
gpt-4.1,function_calling,0.7978213365513193,0.7270935960591134,0.7110143561411955,0.6636690647482014,0.803921568627451
gpt-4.1,json_schema,0.8022214666213306,0.7162698412698413,0.6945906877256991,0.6575591985428051,0.7864923747276689
