technique,token_f1,token_f1,token_f1,token_f1,span_f1,span_f1,span_f1,span_f1
,mean,std,min,max,mean,std,min,max
cot,0.6843994246782771,0.2136586900320103,0.30499119510079636,0.8037704646932363,0.59757637828506,0.1955581757878387,0.25259515570934254,0.7194525904203323
few_shot,0.690979463683193,0.16716501695998784,0.402299676607977,0.8085765863959944,0.6068001694154269,0.16271757746952556,0.3395638629283489,0.7526652452025585
two_stage,0.6524620919623081,0.2804546715739215,0.15450922509225093,0.8061960237859909,0.57690746334632,0.2586302618313607,0.12307692307692308,0.7481402763018066
