label,count,mean,median,q25,q75,frac_in_final_third
MULTA,212,0.5304887110899238,0.4909297703217956,0.35787969093072036,0.6927505190013661,0.2689
OBRIGACAO,131,0.6517807001267342,0.7184527584020292,0.5814837671734282,0.7474059662775616,0.6794
RESSARCIMENTO,63,0.6144347097764731,0.5866197183098592,0.4594797389929278,0.7878717539858218,0.4286
RECOMENDACAO,53,0.6225716133192946,0.6311475409836066,0.5525,0.6751439539347409,0.3019
