model,method,token_f1,span_f1,span_f1_macro,span_precision,span_recall
gpt-3.5,function_calling,0.7890519582201936,0.7064676616915423,0.6811098382388747,0.6501831501831502,0.7734204793028322
gpt-3.5,json_schema,0.7363049006804592,0.6497975708502024,0.6111789222581294,0.6068052930056711,0.6993464052287581
gpt-4o,function_calling,0.8038109857838884,0.723658051689861,0.7014490292538897,0.6654478976234004,0.7930283224400871
gpt-4o,json_schema,0.7433689765310374,0.6556016597510373,0.6072576040045304,0.6257425742574257,0.6884531590413944
gpt-5.4-mini,function_calling,0.7931040276914287,0.7269035532994924,0.7006354627028482,0.6806083650190115,0.7799564270152506
gpt-5.4-mini,json_schema,0.581363294628686,0.5356695869837296,0.4951655537391594,0.6294117647058823,0.4662309368191721
gpt-5.4-nano,function_calling,0.7876161408360454,0.7228915662650601,0.6996517724934992,0.6703910614525139,0.7843137254901961
gpt-5.4-nano,json_schema,0.7552267386195491,0.6783867631851086,0.6379719127205944,0.6456692913385826,0.7145969498910676
